USE PET_CARE;

INSERT INTO pet_care.customer (ID, NAME, EMAIL, PHONENUMBER, POSTCODE, REGISTEREDAT, CURRENTPASSWORD)
VALUES
	(1, 'John Smith', 'johnsmith@gmail.com', '555-555-5555', '12345', '2022-01-01', 'password123'),
	(2, 'Jane Doe', 'janedoe@gmail.com', '555-555-5556', '67890', '2022-02-01', 'password456'),
    (3, 'Bob Johnson', 'bobjohnson@gmail.com', '555-555-5557', '24680', '2022-03-01', 'password789'),
    (4, 'Amy Williams', 'amywilliams@gmail.com', '555-555-5558', '13579', '2022-04-01', 'password246'),
    (5, 'Michael Brown', 'michaelbrown@gmail.com', '555-555-5559', '36912', '2022-05-01', 'password369'),
    (6, 'Emily Davis', 'emilydavis@gmail.com', '555-555-5560', '25874', '2022-06-01', 'password159'),
    (7, 'Matthew Miller', 'mattmiller@gmail.com', '555-555-5561', '97531', '2022-07-01', 'password753'),
    (8, 'Olivia Wilson', 'oliviawilson@gmail.com', '555-555-5562', '85296', '2022-08-01', 'password852'),
    (9, 'David Anderson', 'davidanderson@gmail.com', '555-555-5563', '74185', '2022-09-01', 'password963'),
    (10, 'John Wick', 'johnwick@gmail.com', '555-555-5568', '68937', '2022-10-01', 'johnwickpassword');

INSERT INTO vet (ID, FIRSTNAME, LASTNAME, MIDDLENAME, EMAIL, PHONENUMBER, ISSPECIALIST, SPECIALISTFIELD)
VALUES
	(1, 'John', 'Doe', '', 'johndoe@example.com', '555-555-5555', TRUE, 'Surgery'),
    (2, 'Jane', 'Smith', '', 'janesmith@example.com', '555-555-5556', FALSE, NULL),
    (3, 'Bob', 'Johnson', '', 'bobjohnson@example.com', '555-555-5557', TRUE, 'Dermatology'),
    (4, 'Emily', 'Williams', '', 'emilywilliams@example.com', '555-555-5558', FALSE, NULL),
    (5, 'Michael', 'Jones', '', 'michaeljones@example.com', '555-555-5559', TRUE, 'Oncology'),
    (6, 'Samantha', 'Brown', '', 'samanthabrown@example.com', '555-555-5560', FALSE, NULL),
    (7, 'David', 'Garcia', '', 'davidgarcia@example.com', '555-555-5561', TRUE, 'Cardiology'),
    (8, 'Jessica', 'Miller', '', 'jessicamiller@example.com', '555-555-5562', FALSE, NULL),
    (9, 'James', 'Moore', '', 'jamesmoore@example.com', '555-555-5563', TRUE, 'Orthopedics');

INSERT INTO pet (ID, OWNERID, DATEOFBIRTH, SPECIES, NAME, GENDER, DESEXED, REGISTEREDAT, COUNCILREGISTRATIONNUMBER, ISDECEASED, ISSTRAY)
VALUES (1, 1, '2022-01-01', 'Dog', 'Dung', 'Male', true, '2022-01-01', '12345', false, false),
       (2, 2, '2022-01-02', 'Cat', 'Boo', 'Female', true, '2022-01-02', '12346', false, false),
       (3, 3, '2022-01-03', 'Rabbit', 'Jun', 'Male', false, '2022-01-03', '12347', false, false),
       (4, 4, '2022-01-04', 'Dog', 'Max', 'Female', true, '2022-01-04', '12348', false, false),
       (5, 5, '2022-01-05', 'Bird', 'Tee', 'Male', true, '2022-01-05', '12349', false, false),
       (6, 6, '2022-01-06', 'Dog', 'Gi', 'Female', true, '2022-01-06', '12350', false, false),
       (7, 7, '2022-01-07', 'Cat', 'Mr Fluffy Butt', 'Male', true, '2022-01-07', '12351', false, false),
       (8, 8, '2022-01-08', 'Bird', 'Gal', 'Female', true, '2022-01-08', '12352', false, false),
       (9, 9, '2022-01-09', 'Cat', 'Tony', 'Male', true, '2022-01-09', '12353', false, false),
       (10, 10, '2022-01-10', 'Dog', 'Dung', 'Female', true, '2022-01-10', '12354', false, false),
       (11, 10, '2012-01-05', 'Dog', 'Robby', 'Male', true, '2012-02-01', '10243', true, false),
       (12, null, '2022-11-01', 'Cat', 'Mimi', 'Female', true, '2022-11-01', null, false, true),
       (13, 9, '2022-10-09', 'Cat', 'Sunny', 'Female', true, '2022-10-20', '12355', false, false)
;

INSERT INTO lab (ID, NAME, LOCATION, SUPPORTCONTACT) 
VALUES (1, 'Lab 1', 'Location 1', 'support1@lab.com'), 
       (2, 'Lab 2', 'Location 2', 'support2@lab.com'), 
       (3, 'Lab 3', 'Location 3', 'support3@lab.com'), 
       (4, 'Lab 4', 'Location 4', 'support4@lab.com');

INSERT INTO labtestresult (ID, ORDEREDAT, RESULT, RELEASEDAT) 
VALUES (1, '2022-06-30 08:10:00', 'Positive for Streptococcus', '2022-07-02 08:00:00'), 
       (2, '2023-03-01 13:35:00', 'Negative for Influenza', '2023-03-04 8:00:00'), 
       (3, '2023-01-10 15:18:00', 'Elevated white blood cell count', '2023-01-11 16:00:00'), 
       (4, '2023-01-10 15:18:00', 'Normal glucose levels', '2023-01-11 16:00:00'),
       (5, '2023-01-10 15:18:00', 'Abnormal liver function test', '2023-01-11 16:00:00');

INSERT INTO medicalservice (ID, MEDICALSERVICECODE, DESCRIPTION, COSTVALIDFROM, COST, REQUIRESSPECIALIST, REQUIRESSPECIALISTFIELD, LABID)
VALUES (1, 'EXAM1', 'General check-up', '2022-01-01', 100, 0, '', 1),
       (2, 'EXAM2', 'Blood test general', '2022-01-01', 50, 0, '', 2),
       (3, 'EXAM3', 'X-ray', '2022-01-01', 150, 1, 'radiologist', 3),
       (4, 'EXAM4', 'MRI', '2022-01-01', 300, 1, 'radiologist', 4),
       (5, 'EXAM5', 'Surgical operation', '2022-01-01', 1000, 1, 'surgeon', null),
       (6, 'EXAM4', 'MRI', '2022-10-01', 350, 1, 'radiologist', 4),
       (7, 'BOARD1', 'Boarding', '2022-01-01', 350, 0, '', null),
       (8, 'DESEX1', 'Desexing', '2022-01-01', 350, 1, 'surgeon', null),
       (9, 'DENTIST1', 'Dentistry', '2022-01-01', 150, 1, 'dentist', null),
       (10, 'TAG1', 'Microchiping', '2022-01-01', 135, 0, '', null),
       (11, 'DEWORM1', 'Deworming', '2022-01-01', 50, 0, '', null),
       (12, 'IMAGE1', 'Imaging', '2022-01-01', 65, 0, '', null),
       (13, 'CONSULT1', 'Surgical Consultation', '2022-01-01', 95, 0, '', null),
       ('14', 'BLOOD1', 'Blood test glucose', '2022-01-01 00:00:00', '60', '0', 'null', '2'),
       ('15', 'BLOOD2', 'Blood test liver function', '2022-01-01 00:00:00', '65', '0', '', '2');


INSERT INTO timespot(ID, STARTTIME, ENDTIME)
VALUES
	(1, '8:00:00', '8:15:00'),
	(2, '8:15:00', '8:30:00'),
	(3, '8:30:00', '8:45:00'),
	(4, '8:45:00', '9:00:00'),
	(5, '9:00:00', '9:15:00'),
	(6, '9:15:00', '9:30:00'),
	(7, '9:30:00', '9:45:00'),
	(8, '9:45:00', '10:00:00'),
	(9, '10:00:00', '10:15:00'),
	(10, '10:15:00', '10:30:00'),
	(11, '10:30:00', '10:45:00'),
	(12, '10:45:00', '11:00:00'),
	(13, '11:00:00', '11:15:00'),
	(14, '11:15:00', '11:30:00'),
	(15, '11:30:00', '11:45:00'),
	(16, '11:45:00', '12:00:00'),
	(17, '12:00:00', '12:15:00'),
	(18, '12:15:00', '12:30:00'),
	(19, '12:30:00', '12:45:00'),
	(20, '12:45:00', '13:00:00'),
	(21, '13:00:00', '13:15:00'),
	(22, '13:15:00', '13:30:00'),
	(23, '13:30:00', '13:45:00'),
	(24, '13:45:00', '14:00:00'),
	(25, '14:00:00', '14:15:00'),
	(26, '14:15:00', '14:30:00'),
	(27, '14:30:00', '14:45:00'),
	(28, '14:45:00', '15:00:00'),
	(29, '15:00:00', '15:15:00'),
	(30, '15:15:00', '15:30:00'),
	(31, '15:30:00', '15:45:00'),
	(32, '15:45:00', '16:00:00'),
	(33, '16:00:00', '16:15:00'),
	(34, '16:15:00', '16:30:00'),
	(35, '16:30:00', '16:45:00'),
	(36, '16:45:00', '17:00:00'),
	(37, '17:00:00', '17:15:00'),
	(38, '17:15:00', '17:30:00'),
	(39, '17:30:00', '17:45:00'),
	(40, '17:45:00', '18:00:00'),
	(41, '18:00:00', '18:15:00'),
	(42, '18:15:00', '18:30:00'),
	(43, '18:30:00', '18:45:00'),
	(44, '18:45:00', '19:00:00')
;

INSERT INTO vetassignment (ID, VETID, SPOTID, DATE)
VALUES
	(1, 2, 1, '2023-01-10'),
	(2, 2, 2, '2023-01-10'),
	(3, 2, 3, '2023-01-10'),
	(4, 2, 4, '2023-01-10'),
	(5, 2, 5, '2023-01-10'),
	(6, 2, 6, '2023-01-10'),
	(7, 2, 7, '2023-01-10'),
	(8, 2, 8, '2023-01-10'),
	(9, 2, 9, '2023-01-10'),
	(10, 2, 10, '2023-01-10'),
	(11, 2, 11, '2023-01-10'),
	(12, 2, 12, '2023-01-10'),
	(13, 2, 13, '2023-01-10'),
	(14, 2, 14, '2023-01-10'),
	(15, 2, 15, '2023-01-10'),
	(16, 2, 16, '2023-01-10'),
	(17, 2, 17, '2023-01-10'),
	(18, 4, 18, '2023-01-10'),
	(19, 4, 19, '2023-01-10'),
	(20, 4, 20, '2023-01-10'),
	(21, 4, 21, '2023-01-10'),
	(22, 4, 22, '2023-01-10'),
	(23, 4, 23, '2023-01-10'),
	(24, 4, 24, '2023-01-10'),
	(25, 4, 25, '2023-01-10'),
	(26, 4, 26, '2023-01-10'),
	(27, 4, 27, '2023-01-10'),
	(28, 4, 28, '2023-01-10'),
	(29, 4, 29, '2023-01-10'),
	(30, 4, 30, '2023-01-10'),
	(31, 4, 31, '2023-01-10'),
	(32, 4, 32, '2023-01-10'),
	(33, 4, 33, '2023-01-10'),
	(34, 4, 34, '2023-01-10'),
	(35, 4, 35, '2023-01-10'),
	(36, 4, 36, '2023-01-10'),
	(37, 4, 37, '2023-01-10'),
	(38, 4, 38, '2023-01-10'),
	(39, 4, 39, '2023-01-10'),
	(40, 4, 40, '2023-01-10'),
	(41, 4, 41, '2023-01-10'),
	(42, 4, 42, '2023-01-10'),
	(43, 4, 43, '2023-01-10'),
	(44, 4, 44, '2023-01-10'),
    (45, 1, 7, '2023-01-10'),
	(46, 1, 8, '2023-01-10'),
	(47, 1, 9, '2023-01-10'),
	(48, 1, 10, '2023-01-10'),
	(49, 1, 11, '2023-01-10'),
	(50, 1, 12, '2023-01-10'),
	(51, 1, 13, '2023-01-10'),
	(52, 1, 14, '2023-01-10'),
	(53, 1, 15, '2023-01-10'),
	(54, 1, 16, '2023-01-10'),
	(55, 1, 17, '2023-01-10'),
	(56, 1, 18, '2023-01-10'),
	(57, 1, 19, '2023-01-10'),
	(58, 1, 20, '2023-01-10'),
	(59, 1, 21, '2023-01-10'),
	(60, 1, 22, '2023-01-10'),
	(61, 1, 23, '2023-01-10'),
	(62, 1, 24, '2023-01-10'),
	(63, 1, 25, '2023-01-10'),
	(64, 1, 26, '2023-01-10'),
	(65, 1, 27, '2023-01-10'),
	(66, 1, 28, '2023-01-10'),
	(67, 1, 29, '2023-01-10'),
	(68, 1, 30, '2023-01-10'),
	(69, 1, 31, '2023-01-10'),
	(70, 1, 32, '2023-01-10'),
	(71, 1, 33, '2023-01-10'),
    (72, 6, 1, '2023-01-11'),
	(73, 6, 2, '2023-01-11'),
	(74, 6, 3, '2023-01-11'),
	(75, 6, 4, '2023-01-11'),
	(76, 6, 5, '2023-01-11'),
	(77, 6, 6, '2023-01-11'),
	(78, 6, 7, '2023-01-11'),
	(79, 6, 8, '2023-01-11'),
	(80, 6, 9, '2023-01-11'),
	(81, 6, 10, '2023-01-11'),
	(82, 6, 11, '2023-01-11'),
	(83, 6, 12, '2023-01-11'),
	(84, 6, 13, '2023-01-11'),
	(85, 6, 14, '2023-01-11'),
	(86, 6, 15, '2023-01-11'),
	(87, 6, 16, '2023-01-11'),
	(88, 6, 17, '2023-01-11'),
	(89, 6, 18, '2023-01-11'),
	(90, 6, 19, '2023-01-11'),
	(91, 6, 20, '2023-01-11'),
	(92, 6, 21, '2023-01-11'),
	(93, 6, 22, '2023-01-11'),
	(94, 6, 23, '2023-01-11'),
	(95, 6, 24, '2023-01-11'),
	(96, 6, 25, '2023-01-11'),
	(97, 6, 26, '2023-01-11'),
	(98, 6, 27, '2023-01-11'),
	(99, 6, 28, '2023-01-11'),
	(100, 6, 29, '2023-01-11'),
	(101, 6, 30, '2023-01-11'),
	(102, 6, 31, '2023-01-11'),
	(103, 6, 32, '2023-01-11'),
	(104, 6, 33, '2023-01-11'),
	(105, 6, 34, '2023-01-11'),
	(106, 6, 35, '2023-01-11'),
	(107, 6, 36, '2023-01-11'),
	(108, 6, 37, '2023-01-11'),
	(109, 6, 38, '2023-01-11'),
	(110, 6, 39, '2023-01-11'),
	(111, 6, 40, '2023-01-11'),
	(112, 6, 41, '2023-01-11'),
	(113, 6, 42, '2023-01-11'),
	(114, 6, 43, '2023-01-11'),
	(115, 6, 44, '2023-01-11'),
    (116, 7, 1, '2023-01-11'),
	(117, 7, 2, '2023-01-11'),
	(118, 7, 3, '2023-01-11'),
	(119, 7, 4, '2023-01-11'),
	(120, 7, 5, '2023-01-11'),
	(121, 7, 6, '2023-01-11'),
	(122, 7, 7, '2023-01-11'),
	(123, 7, 8, '2023-01-11'),
	(124, 7, 9, '2023-01-11'),
	(125, 7, 10, '2023-01-11'),
	(126, 7, 11, '2023-01-11'),
	(127, 7, 12, '2023-01-11'),
	(128, 7, 13, '2023-01-11'),
	(129, 7, 14, '2023-01-11'),
	(130, 7, 15, '2023-01-11'),
	(131, 7, 16, '2023-01-11'),
	(132, 7, 17, '2023-01-11'),
	(133, 7, 18, '2023-01-11'),
	(134, 7, 19, '2023-01-11'),
	(135, 7, 20, '2023-01-11'),
	(136, 7, 21, '2023-01-11'),
	(137, 7, 22, '2023-01-11'),
	(138, 7, 23, '2023-01-11'),
	(139, 7, 24, '2023-01-11'),
	(140, 7, 25, '2023-01-11'),
	(141, 7, 26, '2023-01-11'),
	(142, 7, 27, '2023-01-11'),
	(143, 7, 28, '2023-01-11'),
	(144, 7, 29, '2023-01-11'),
    (145, 8, 30, '2023-01-11'),
	(146, 8, 31, '2023-01-11'),
	(147, 8, 32, '2023-01-11'),
	(148, 8, 33, '2023-01-11'),
	(149, 8, 34, '2023-01-11'),
	(150, 8, 35, '2023-01-11'),
	(151, 8, 36, '2023-01-11'),
	(152, 8, 37, '2023-01-11'),
	(153, 8, 38, '2023-01-11'),
	(154, 8, 39, '2023-01-11'),
	(155, 8, 40, '2023-01-11'),
	(156, 8, 41, '2023-01-11'),
	(157, 8, 42, '2023-01-11'),
	(158, 8, 43, '2023-01-11'),
	(159, 8, 44, '2023-01-11'),
    (160, 4, 1, '2023-01-12'),
	(161, 4, 2, '2023-01-12'),
	(162, 4, 3, '2023-01-12'),
	(163, 4, 4, '2023-01-12'),
	(164, 4, 5, '2023-01-12'),
	(165, 4, 6, '2023-01-12'),
	(166, 4, 7, '2023-01-12'),
	(167, 4, 8, '2023-01-12'),
	(168, 4, 9, '2023-01-12'),
	(169, 4, 10, '2023-01-12'),
	(170, 4, 11, '2023-01-12'),
	(171, 4, 12, '2023-01-12'),
	(172, 4, 13, '2023-01-12'),
	(173, 4, 14, '2023-01-12'),
	(174, 4, 15, '2023-01-12'),
	(175, 4, 16, '2023-01-12'),
	(176, 4, 17, '2023-01-12'),
	(177, 4, 18, '2023-01-12'),
	(178, 4, 19, '2023-01-12'),
	(179, 4, 20, '2023-01-12'),
	(180, 4, 21, '2023-01-12'),
	(181, 4, 22, '2023-01-12'),
	(182, 4, 23, '2023-01-12'),
	(183, 4, 24, '2023-01-12'),
	(184, 4, 25, '2023-01-12'),
	(185, 4, 26, '2023-01-12'),
	(186, 4, 27, '2023-01-12'),
	(187, 4, 28, '2023-01-12'),
	(188, 4, 29, '2023-01-12'),
	(189, 4, 30, '2023-01-12'),
	(190, 4, 31, '2023-01-12'),
	(191, 4, 32, '2023-01-12'),
	(192, 4, 33, '2023-01-12'),
	(193, 4, 34, '2023-01-12'),
	(194, 4, 35, '2023-01-12'),
	(195, 4, 36, '2023-01-12'),
	(196, 4, 37, '2023-01-12'),
	(197, 4, 38, '2023-01-12'),
	(198, 4, 39, '2023-01-12'),
	(199, 4, 40, '2023-01-12'),
	(200, 4, 41, '2023-01-12'),
	(201, 4, 42, '2023-01-12'),
	(202, 4, 43, '2023-01-12'),
	(203, 4, 44, '2023-01-12'),
    (204, 8, 1, '2023-01-12'),
    (205, 8, 2, '2023-01-12'),
    (206, 8, 3, '2023-01-12'),
    (207, 8, 4, '2023-01-12'),
    (208, 8, 5, '2023-01-12'),
    (209, 8, 6, '2023-01-12'),
    (210, 8, 7, '2023-01-12'),
    (211, 8, 8, '2023-01-12'),
    (212, 8, 9, '2023-01-12'),
    (213, 8, 10, '2023-01-12'),
    (214, 8, 11, '2023-01-12'),
    (215, 8, 12, '2023-01-12'),
    (216, 8, 13, '2023-01-12'),
    (217, 8, 14, '2023-01-12'),
    (218, 8, 15, '2023-01-12'),
    (219, 8, 16, '2023-01-12'),
    (220, 8, 17, '2023-01-12'),
    (221, 8, 18, '2023-01-12'),
    (222, 8, 19, '2023-01-12'),
    (223, 8, 20, '2023-01-12'),
    (224, 4, 21, '2023-01-12'),
    (225, 4, 22, '2023-01-12'),
    (226, 4, 23, '2023-01-12'),
    (227, 4, 24, '2023-01-12'),
    (228, 4, 25, '2023-01-12'),
    (229, 4, 26, '2023-01-12'),
    (230, 4, 27, '2023-01-12'),
    (231, 4, 28, '2023-01-12'),
    (232, 4, 29, '2023-01-12'),
    (233, 4, 30, '2023-01-12'),
    (234, 4, 31, '2023-01-12'),
    (235, 4, 32, '2023-01-12'),
    (236, 4, 33, '2023-01-12'),
    (237, 4, 34, '2023-01-12'),
    (238, 4, 35, '2023-01-12'),
    (239, 4, 36, '2023-01-12'),
    (240, 4, 37, '2023-01-12'),
    (241, 4, 38, '2023-01-12'),
    (242, 4, 39, '2023-01-12'),
    (243, 4, 40, '2023-01-12'),
    (244, 4, 41, '2023-01-12'),
    (245, 4, 42, '2023-01-12'),
    (246, 4, 43, '2023-01-12'),
    (247, 4, 44, '2023-01-12'),
    (248, 8, 1, '2023-03-01'),
    (249, 8, 2, '2023-03-01'),
    (250, 8, 3, '2023-03-01'),
    (251, 8, 4, '2023-03-01'),
    (252, 8, 5, '2023-03-01'),
    (253, 8, 6, '2023-03-01'),
    (254, 8, 7, '2023-03-01'),
    (255, 8, 8, '2023-03-01'),
    (256, 8, 9, '2023-03-01'), 
    (257, 8, 10, '2023-03-01'),
    (258, 8, 11, '2023-03-01'),
    (259, 8, 12, '2023-03-01'), 
    (260, 8, 13, '2023-03-01'),
    (261, 8, 14, '2023-03-01'),
    (262, 8, 15, '2023-03-01'),
    (263, 8, 16, '2023-03-01'),
    (264, 8, 17, '2023-03-01'),
    (265, 8, 18, '2023-03-01'),
    (266, 8, 19, '2023-03-01'),
    (267, 8, 20, '2023-03-01'),
    (268, 4, 21, '2023-03-01'),
    (269, 4, 22, '2023-03-01'),
    (270, 4, 23, '2023-03-01'),
    (271, 4, 24, '2023-03-01'),
    (272, 4, 25, '2023-03-01'),
    (273, 4, 26, '2023-03-01'),
    (274, 4, 27, '2023-03-01'),
    (275, 4, 28, '2023-03-01'),
    (276, 4, 29, '2023-03-01'),
    (277, 4, 30, '2023-03-01'),
    (278, 4, 31, '2023-03-01'),
    (279, 4, 32, '2023-03-01'),
    (280, 4, 33, '2023-03-01'),
    (281, 4, 34, '2023-03-01'),
    (282, 4, 35, '2023-03-01'),
    (283, 4, 36, '2023-03-01'),
    (284, 4, 37, '2023-03-01'),
    (285, 4, 38, '2023-03-01'),
    (286, 4, 39, '2023-03-01'),
    (287, 4, 40, '2023-03-01'),
    (288, 4, 41, '2023-03-01'),
    (289, 4, 42, '2023-03-01'),
    (290, 4, 43, '2023-03-01'),
    (291, 4, 44, '2023-03-01'),
    (292, 4, 1, '2023-03-02'),
    (293, 4, 2, '2023-03-02'),
    (294, 4, 3, '2023-03-02'),
    (295, 4, 4, '2023-03-02'),
    (296, 4, 5, '2023-03-02'),
    (297, 4, 6, '2023-03-02'),
    (298, 4, 7, '2023-03-02'),
    (299, 4, 8, '2023-03-02'),
    (300, 4, 9, '2023-03-02'),
    (301, 4, 10, '2023-03-02'),
    (302, 4, 11, '2023-03-02'),
    (303, 4, 12, '2023-03-02'),
    (304, 4, 13, '2023-03-02'),
    (305, 4, 14, '2023-03-02'),
    (306, 4, 15, '2023-03-02'),
    (307, 4, 16, '2023-03-02'),
    (308, 4, 17, '2023-03-02'),
    (309, 4, 18, '2023-03-02'),
    (310, 4, 19, '2023-03-02'),
    (311, 4, 20, '2023-03-02'),
    (312, 4, 21, '2023-03-02'),
    (313, 4, 22, '2023-03-02'),
    (314, 4, 23, '2023-03-02'),
    (315, 4, 24, '2023-03-02'),
    (316, 4, 25, '2023-03-02'),
    (317, 4, 26, '2023-03-02'),
    (318, 4, 27, '2023-03-02'),
    (319, 4, 28, '2023-03-02'),
    (320, 4, 29, '2023-03-02'),
    (321, 4, 30, '2023-03-02'),
    (322, 4, 31, '2023-03-02'),
    (323, 4, 32, '2023-03-02'),
    (324, 4, 33, '2023-03-02'),
    (325, 4, 34, '2023-03-02'),
    (326, 4, 35, '2023-03-02'),
    (327, 4, 36, '2023-03-02'),
    (328, 4, 37, '2023-03-02'),
    (329, 4, 38, '2023-03-02'),
    (330, 4, 39, '2023-03-02'),
    (331, 4, 40, '2023-03-02'),
    (332, 4, 41, '2023-03-02'),
    (333, 4, 42, '2023-03-02'),
    (334, 4, 43, '2023-03-02'),
    (335, 4, 44, '2023-03-02'),
    (336, 9, 5, '2023-03-02'),
    (337, 9, 6, '2023-03-02'),
    (338, 9, 7, '2023-03-02'),
    (339, 9, 8, '2023-03-02'),
    (340, 9, 9, '2023-03-02'),
    (341, 9, 10, '2023-03-02'),
    (342, 9, 11, '2023-03-02'),
    (343, 9, 12, '2023-03-02'),
    (344, 9, 13, '2023-03-02'),
    (345, 9, 14, '2023-03-02'),
    (346, 9, 15, '2023-03-02'),
    (347, 9, 16, '2023-03-02'),
    (348, 9, 17, '2023-03-02'),
    (349, 9, 18, '2023-03-02'),
    (350, 9, 19, '2023-03-02'),
    (351, 9, 20, '2023-03-02'),
    (352, 9, 21, '2023-03-02'),
    (353, 9, 22, '2023-03-02'),
    (354, 9, 23, '2023-03-02'),
    (355, 9, 24, '2023-03-02'),
    (356, 9, 25, '2023-03-02'),
    (357, 9, 26, '2023-03-02'),
    (358, 9, 27, '2023-03-02'),
    (359, 9, 28, '2023-03-02'),
    (360, 9, 29, '2023-03-02'),
    (361, 9, 30, '2023-03-02'),
    (362, 9, 31, '2023-03-02'),
    (363, 9, 32, '2023-03-02'),
    (364, 9, 33, '2023-03-02'),
    ('365', '1', '1', '2022-06-30');

INSERT INTO `pet_care`.`appointment` (`CUSTOMERID`, `PETID`, `VETASSIGNMENTID`, `CONFIRMEDAT`, `CUSTOMERPHONENUMBER`, `CUSTOMERNAME`, `SPECIES`, `PURPOSEDESCRIPTION`, `VETNOTES`, `TOTALPRICE`, `MEDICATIONPRESCRIBED`, `ISPAID`, `PAIDAT`, `PAYMENTMETHOD`)
VALUES
    (null, null, '365', '2022-06-26 13:45:26', '555-565-6585', 'Noah', 'BIRD', 'MRI', 'Needs blood test', '300', '1', '2022-06-30 9:00:00', 'CASH'),
	('1', '1', '47', '2023-01-09 9:00:00', '555-555-5555', 'John Smith', 'DOG', 'Eye check', 'Eye infection', '100', 'Eye drop', '1', '2023-01-10 10:15:00', 'CARD'), -- general check
    ('10', '10', '270', '2023-02-09 20:30:00', '555-555-5568', 'John Wick', 'DOG', 'General check, MRI', 'Looks OK, needs follow up after a few months', '450', '', '0', null), -- MRI
    ('6', '6', '68', '2022-12-20 8:35:00', '555-555-5560', 'Emily Davis', 'DOG', 'Surgical consultation, blood test for 3 checks', 'Recommend surgery when needed', '95', '', '1', '2023-01-10 15:35:00', 'CARD'), -- surgical consultation
    (null, '12', '261', '2023-02-09 20:30:00', '555-555-5568', 'William Butcher', 'CAT', 'General check-up, X-ray', 'Looks healthy', '250', '', '0', null), -- X-ray
    (null, null, '189', '2023-01-10 13:34:50', '555-555-6585', 'Clark', 'RABBIT', 'Ear check', 'Ear infection, common flu', '100', 'Ear drop, flu medicine, flu injection', '1', '2023-01-12 15:36:31', 'CARD');

INSERT INTO `pet_care`.`medicalserviceboooked` (`APPOINTMENTID`, `SERVICEID`, `RESULTID`, `COSTATCONFIRMEDTIME`)
VALUES
	('1', '4', '1', '300'),
    ('3', '4', '2', '350'),
    ('3', '1', '100'),
    ('4', '2', '3', '50'),
    ('4', '14', '4', '60'),
    ('4', '15', '5', '50'),
    ('4', '5', '95');










